name,category,price,rating,description
Educational Book,Books,49069.56,3.5,Books
Jeans,Clothing,12755.85,3.9,Clothing
Face Cream,Beauty,11092.19,4.4,Beauty
Smartwatch,Electronics,32657.81,3.2,Electronics
Cookware Set,Home & Kitchen,26590.08,3.1,Home & Kitchen
Mixer Grinder,Home & Kitchen,10475.03,1.7,Home & Kitchen
Sneakers,Clothing,38647.72,2.0,Clothing
Table Lamp,Home & Kitchen,24818.59,2.4,Home & Kitchen
Jacket,Clothing,1987.39,2.6,Clothing
Tablet,Electronics,26876.51,4.0,Electronics
Perfume,Beauty,46409.57,2.3,Beauty
Lipstick,Beauty,48780.78,1.3,Beauty
Educational Book,Books,6670.82,1.2,Books
Smartphone,Electronics,10826.05,3.7,Electronics
Comic Book,Books,6839.1,1.6,Books
Mixer Grinder,Home & Kitchen,18197.89,1.6,Home & Kitchen
Cookbook,Books,20817.46,2.3,Books
Perfume,Beauty,44061.25,2.5,Beauty
Cookbook,Books,4398.59,4.0,Books
T-Shirt,Clothing,32565.77,4.4,Clothing
Cookware Set,Home & Kitchen,47529.36,4.5,Home & Kitchen
Jeans,Clothing,37129.73,4.3,Clothing
Educational Book,Books,48258.19,1.6,Books
Bedsheet,Home & Kitchen,32505.96,2.8,Home & Kitchen
Cookware Set,Home & Kitchen,4165.64,1.1,Home & Kitchen
T-Shirt,Clothing,2053.11,3.4,Clothing
Jeans,Clothing,38927.62,2.5,Clothing
Mixer Grinder,Home & Kitchen,28978.47,2.3,Home & Kitchen
Lipstick,Beauty,21293.42,2.2,Beauty
Lipstick,Beauty,49097.01,3.7,Beauty
Perfume,Beauty,47651.19,3.6,Beauty
Hair Dryer,Beauty,15046.01,1.1,Beauty
Laptop,Electronics,36980.1,3.2,Electronics
Table Lamp,Home & Kitchen,38144.67,3.1,Home & Kitchen
Laptop,Electronics,49355.45,3.5,Electronics
Shampoo,Beauty,12945.96,1.4,Beauty
Perfume,Beauty,34927.79,1.1,Beauty
Table Lamp,Home & Kitchen,3677.4,3.7,Home & Kitchen
Comic Book,Books,37004.54,4.0,Books
Cookbook,Books,27961.78,4.0,Books
Comic Book,Books,2655.8,3.7,Books
Headphones,Electronics,965.51,3.5,Electronics
Bedsheet,Home & Kitchen,2980.08,4.2,Home & Kitchen
Mixer Grinder,Home & Kitchen,8598.58,1.1,Home & Kitchen
Shampoo,Beauty,31850.15,2.8,Beauty
Smartwatch,Electronics,33443.32,2.4,Electronics
Jacket,Clothing,29592.5,4.7,Clothing
Hair Dryer,Beauty,11187.38,2.3,Beauty
Bedsheet,Home & Kitchen,23898.58,3.3,Home & Kitchen
Comic Book,Books,1391.49,4.5,Books
Jeans,Clothing,18607.69,2.4,Clothing
Fiction Novel,Books,46224.88,4.1,Books
Tablet,Electronics,11864.13,1.3,Electronics
Comic Book,Books,7757.2,2.2,Books
Smartwatch,Electronics,29745.0,3.6,Electronics
Jeans,Clothing,39176.54,4.1,Clothing
Jeans,Clothing,18075.19,1.7,Clothing
Self-Help Book,Books,18830.59,3.6,Books
Headphones,Electronics,38476.48,2.0,Electronics
Laptop,Electronics,27120.36,3.8,Electronics
Cookbook,Books,31627.0,3.1,Books
Comic Book,Books,14505.79,3.9,Books
Smartwatch,Electronics,15229.67,2.7,Electronics
Table Lamp,Home & Kitchen,2158.12,3.4,Home & Kitchen
Lipstick,Beauty,11106.19,1.1,Beauty
Educational Book,Books,21690.55,1.9,Books
Hair Dryer,Beauty,4225.69,2.5,Beauty
Smartwatch,Electronics,23621.02,4.7,Electronics
Educational Book,Books,38937.92,3.4,Books
Cookware Set,Home & Kitchen,2707.97,1.2,Home & Kitchen
Face Cream,Beauty,23715.42,2.0,Beauty
Tablet,Electronics,9083.5,1.8,Electronics
Lipstick,Beauty,26379.35,3.0,Beauty
Jacket,Clothing,34023.96,4.6,Clothing
Sneakers,Clothing,1542.1,1.0,Clothing
Fiction Novel,Books,42981.08,3.8,Books
Sofa Cover,Home & Kitchen,46338.29,3.4,Home & Kitchen
Headphones,Electronics,34161.44,2.4,Electronics
Lipstick,Beauty,21317.31,4.0,Beauty
Face Cream,Beauty,46011.84,3.3,Beauty
Perfume,Beauty,2097.99,3.2,Beauty
Smartphone,Electronics,17104.91,2.7,Electronics
Sofa Cover,Home & Kitchen,29326.6,4.9,Home & Kitchen
Headphones,Electronics,28892.73,1.3,Electronics
Tablet,Electronics,35033.12,4.7,Electronics
Jeans,Clothing,40069.3,2.4,Clothing
Comic Book,Books,20613.14,3.4,Books
Cookware Set,Home & Kitchen,3432.0,3.4,Home & Kitchen
Shampoo,Beauty,25752.65,2.5,Beauty
Smartwatch,Electronics,30238.47,4.0,Electronics
Bedsheet,Home & Kitchen,34293.38,4.4,Home & Kitchen
Perfume,Beauty,19498.32,3.6,Beauty
T-Shirt,Clothing,39355.59,2.9,Clothing
Cookbook,Books,26575.86,2.0,Books
Headphones,Electronics,12506.31,1.4,Electronics
T-Shirt,Clothing,19180.77,3.9,Clothing
Bedsheet,Home & Kitchen,8877.51,2.5,Home & Kitchen
Sneakers,Clothing,32348.92,3.1,Clothing
Smartwatch,Electronics,19375.76,2.1,Electronics
Educational Book,Books,48157.93,2.4,Books
Laptop,Electronics,4360.05,3.3,Electronics
Jacket,Clothing,38093.14,3.0,Clothing
Educational Book,Books,32788.2,4.0,Books
Comic Book,Books,42715.55,4.4,Books
Perfume,Beauty,28758.42,3.7,Beauty
Educational Book,Books,22555.21,4.3,Books
Dress,Clothing,33613.18,3.5,Clothing
T-Shirt,Clothing,44639.0,1.1,Clothing
Jeans,Clothing,11785.4,1.6,Clothing
Self-Help Book,Books,30826.72,3.9,Books
Jacket,Clothing,35811.1,1.9,Clothing
Shampoo,Beauty,45387.99,4.8,Beauty
Sofa Cover,Home & Kitchen,39263.94,3.8,Home & Kitchen
Educational Book,Books,19787.61,3.9,Books
Jacket,Clothing,26219.99,2.1,Clothing
Lipstick,Beauty,14286.02,3.7,Beauty
T-Shirt,Clothing,13019.07,2.8,Clothing
Face Cream,Beauty,43488.42,3.0,Beauty
Cookbook,Books,30903.49,1.7,Books
Table Lamp,Home & Kitchen,37405.46,1.3,Home & Kitchen
Tablet,Electronics,30593.67,1.5,Electronics
Headphones,Electronics,28688.25,2.4,Electronics
Hair Dryer,Beauty,12158.96,1.1,Beauty
Headphones,Electronics,24500.05,4.4,Electronics
Table Lamp,Home & Kitchen,44412.88,1.4,Home & Kitchen
Smartphone,Electronics,26615.97,3.6,Electronics
Jacket,Clothing,3979.4,4.6,Clothing
Perfume,Beauty,49687.49,2.5,Beauty
Laptop,Electronics,11289.42,2.3,Electronics
Dress,Clothing,27309.73,4.0,Clothing
Laptop,Electronics,30374.4,1.8,Electronics
Shampoo,Beauty,15486.41,5.0,Beauty
Smartwatch,Electronics,33698.34,4.2,Electronics
Dress,Clothing,42987.64,3.7,Clothing
Smartwatch,Electronics,1104.25,3.8,Electronics
Jacket,Clothing,14043.16,3.1,Clothing
Cookbook,Books,24032.88,3.8,Books
Face Cream,Beauty,32283.58,4.4,Beauty
Lipstick,Beauty,3848.54,4.6,Beauty
Cookware Set,Home & Kitchen,48175.48,1.5,Home & Kitchen
Tablet,Electronics,2273.01,4.3,Electronics
Jacket,Clothing,48346.41,1.4,Clothing
Table Lamp,Home & Kitchen,8383.86,3.1,Home & Kitchen
Shampoo,Beauty,15344.02,4.0,Beauty
Smartphone,Electronics,49142.57,4.9,Electronics
Self-Help Book,Books,45182.27,3.1,Books
Jacket,Clothing,18309.06,1.9,Clothing
Smartwatch,Electronics,33021.1,4.4,Electronics
Jacket,Clothing,42814.17,4.2,Clothing
Perfume,Beauty,5293.87,2.7,Beauty
Fiction Novel,Books,16596.58,2.1,Books
Sneakers,Clothing,48940.95,1.0,Clothing
Jeans,Clothing,10059.45,4.3,Clothing
Perfume,Beauty,4820.8,4.3,Beauty
Cookbook,Books,12087.35,2.6,Books
Face Cream,Beauty,43522.08,4.8,Beauty
Smartwatch,Electronics,42409.26,2.0,Electronics
Fiction Novel,Books,29882.47,4.7,Books
Smartwatch,Electronics,40233.28,1.9,Electronics
Sofa Cover,Home & Kitchen,15357.36,1.6,Home & Kitchen
Self-Help Book,Books,10565.57,1.5,Books
Fiction Novel,Books,42533.26,4.6,Books
Mixer Grinder,Home & Kitchen,18426.9,4.7,Home & Kitchen
Perfume,Beauty,23369.23,1.5,Beauty
Perfume,Beauty,2735.32,2.6,Beauty
Laptop,Electronics,48944.01,4.2,Electronics
Hair Dryer,Beauty,32590.46,2.4,Beauty
Hair Dryer,Beauty,35286.97,3.3,Beauty
Fiction Novel,Books,42881.03,4.4,Books
Shampoo,Beauty,28246.25,2.3,Beauty
Shampoo,Beauty,24619.84,4.1,Beauty
Dress,Clothing,12083.96,3.0,Clothing
Self-Help Book,Books,12214.72,2.1,Books
Fiction Novel,Books,19386.27,4.1,Books
Educational Book,Books,34879.4,2.5,Books
Laptop,Electronics,32016.11,4.3,Electronics
T-Shirt,Clothing,32264.17,4.1,Clothing
Shampoo,Beauty,30171.74,3.8,Beauty
Dress,Clothing,22712.18,3.9,Clothing
Comic Book,Books,27204.69,2.8,Books
Educational Book,Books,17353.47,2.6,Books
Sofa Cover,Home & Kitchen,44882.2,1.3,Home & Kitchen
Sofa Cover,Home & Kitchen,47002.72,4.1,Home & Kitchen
Lipstick,Beauty,33659.67,3.3,Beauty
Sofa Cover,Home & Kitchen,13011.44,4.9,Home & Kitchen
Smartphone,Electronics,21990.25,4.2,Electronics
Perfume,Beauty,1927.38,2.9,Beauty
Laptop,Electronics,21741.53,3.5,Electronics
Sneakers,Clothing,23638.72,1.5,Clothing
Hair Dryer,Beauty,39372.11,4.1,Beauty
Fiction Novel,Books,49088.13,2.3,Books
Cookware Set,Home & Kitchen,4524.63,2.4,Home & Kitchen
Sneakers,Clothing,1507.01,2.5,Clothing
Tablet,Electronics,39699.85,3.9,Electronics
Face Cream,Beauty,37494.13,1.8,Beauty
Smartphone,Electronics,5850.81,1.3,Electronics
Self-Help Book,Books,16448.74,4.6,Books
Smartwatch,Electronics,11103.44,1.1,Electronics
Self-Help Book,Books,34255.39,2.9,Books
Smartwatch,Electronics,18304.18,1.6,Electronics
Table Lamp,Home & Kitchen,12771.91,3.2,Home & Kitchen
Comic Book,Books,2275.09,1.5,Books
Sneakers,Clothing,16468.59,4.5,Clothing
Cookware Set,Home & Kitchen,4934.99,4.6,Home & Kitchen
Table Lamp,Home & Kitchen,5258.29,2.5,Home & Kitchen
Hair Dryer,Beauty,32580.0,2.7,Beauty
Sofa Cover,Home & Kitchen,40298.9,1.2,Home & Kitchen
Tablet,Electronics,11236.19,2.6,Electronics
Self-Help Book,Books,32537.46,3.4,Books
Jeans,Clothing,6953.88,2.9,Clothing
Bedsheet,Home & Kitchen,32824.05,3.6,Home & Kitchen
Sneakers,Clothing,34459.99,1.4,Clothing
Educational Book,Books,13608.58,4.6,Books
Mixer Grinder,Home & Kitchen,32630.83,4.7,Home & Kitchen
Laptop,Electronics,24818.77,2.3,Electronics
Cookbook,Books,36645.35,2.5,Books
Jeans,Clothing,25668.96,4.8,Clothing
Dress,Clothing,44241.68,1.4,Clothing
Headphones,Electronics,39749.19,3.5,Electronics
Tablet,Electronics,37578.46,4.4,Electronics
Smartphone,Electronics,37203.65,3.5,Electronics
Self-Help Book,Books,22851.63,1.0,Books
Hair Dryer,Beauty,27627.84,1.8,Beauty
Self-Help Book,Books,31333.95,1.7,Books
Bedsheet,Home & Kitchen,30911.44,3.0,Home & Kitchen
Laptop,Electronics,11518.23,4.4,Electronics
Jeans,Clothing,43304.55,2.6,Clothing
Self-Help Book,Books,3710.07,4.2,Books
Perfume,Beauty,34621.21,1.8,Beauty
Headphones,Electronics,41742.29,2.6,Electronics
Bedsheet,Home & Kitchen,46858.63,3.5,Home & Kitchen
Smartwatch,Electronics,5413.09,3.4,Electronics
Laptop,Electronics,5880.45,2.0,Electronics
Comic Book,Books,35665.26,1.2,Books
Headphones,Electronics,42981.89,1.8,Electronics
Comic Book,Books,25629.88,2.9,Books
Perfume,Beauty,22475.94,3.5,Beauty
Sofa Cover,Home & Kitchen,33250.7,4.3,Home & Kitchen
Cookbook,Books,45045.03,3.8,Books
Bedsheet,Home & Kitchen,3955.86,4.7,Home & Kitchen
Perfume,Beauty,28169.11,2.7,Beauty
Face Cream,Beauty,42785.51,1.7,Beauty
Smartphone,Electronics,25614.35,3.5,Electronics
Mixer Grinder,Home & Kitchen,7771.58,3.6,Home & Kitchen
Cookbook,Books,31059.47,4.8,Books
Educational Book,Books,14506.11,3.5,Books
Smartwatch,Electronics,16272.38,1.4,Electronics
T-Shirt,Clothing,29222.92,2.7,Clothing
Educational Book,Books,1483.5,4.3,Books
Self-Help Book,Books,35629.55,2.0,Books
Jacket,Clothing,1987.98,3.3,Clothing
Educational Book,Books,37590.44,1.8,Books
Mixer Grinder,Home & Kitchen,31759.49,2.0,Home & Kitchen
Shampoo,Beauty,18787.05,1.1,Beauty
Educational Book,Books,17066.16,2.8,Books
Jacket,Clothing,15068.72,1.4,Clothing
Smartphone,Electronics,44334.11,2.6,Electronics
Smartphone,Electronics,11183.75,4.9,Electronics
Cookware Set,Home & Kitchen,2923.95,1.1,Home & Kitchen
Shampoo,Beauty,7339.66,1.1,Beauty
Table Lamp,Home & Kitchen,41405.37,4.6,Home & Kitchen
Mixer Grinder,Home & Kitchen,36114.38,4.6,Home & Kitchen
Smartphone,Electronics,19915.59,1.2,Electronics
Smartphone,Electronics,18366.97,1.2,Electronics
Smartphone,Electronics,8563.14,3.1,Electronics
Hair Dryer,Beauty,40461.79,4.9,Beauty
Jacket,Clothing,6943.4,1.5,Clothing
Shampoo,Beauty,14517.08,3.0,Beauty
Tablet,Electronics,4248.25,4.1,Electronics
Mixer Grinder,Home & Kitchen,43118.73,3.1,Home & Kitchen
Dress,Clothing,10086.76,1.9,Clothing
Face Cream,Beauty,35373.5,2.9,Beauty
Table Lamp,Home & Kitchen,43002.68,4.2,Home & Kitchen
Laptop,Electronics,46388.81,4.4,Electronics
Cookbook,Books,47384.51,1.5,Books
Jacket,Clothing,15826.47,4.4,Clothing
Shampoo,Beauty,33927.57,2.6,Beauty
Tablet,Electronics,27400.84,3.6,Electronics
Tablet,Electronics,37684.28,3.2,Electronics
Sneakers,Clothing,22968.18,4.1,Clothing
Sofa Cover,Home & Kitchen,43444.93,4.0,Home & Kitchen
Headphones,Electronics,36083.22,2.9,Electronics
Cookware Set,Home & Kitchen,43043.82,4.1,Home & Kitchen
Smartwatch,Electronics,1517.63,2.0,Electronics
Fiction Novel,Books,1626.1,2.8,Books
T-Shirt,Clothing,40384.62,4.2,Clothing
T-Shirt,Clothing,37295.08,4.0,Clothing
Sneakers,Clothing,13915.5,3.9,Clothing
Smartphone,Electronics,23625.05,2.0,Electronics
Mixer Grinder,Home & Kitchen,464.18,4.1,Home & Kitchen
T-Shirt,Clothing,26667.15,1.9,Clothing
Fiction Novel,Books,29093.02,3.7,Books
Jacket,Clothing,44770.65,3.5,Clothing
Bedsheet,Home & Kitchen,32749.9,3.8,Home & Kitchen
Educational Book,Books,4990.66,4.6,Books
T-Shirt,Clothing,11044.89,1.5,Clothing
Fiction Novel,Books,46032.16,4.4,Books
Educational Book,Books,43965.67,1.1,Books
T-Shirt,Clothing,6037.98,3.6,Clothing
Comic Book,Books,22747.82,4.5,Books
Headphones,Electronics,26615.92,2.3,Electronics
Face Cream,Beauty,48234.31,1.8,Beauty
Table Lamp,Home & Kitchen,24172.56,3.1,Home & Kitchen
Fiction Novel,Books,16385.37,1.6,Books
T-Shirt,Clothing,29527.22,1.2,Clothing
Table Lamp,Home & Kitchen,42516.65,1.8,Home & Kitchen
Comic Book,Books,27175.37,3.9,Books
Dress,Clothing,25379.68,3.5,Clothing
Educational Book,Books,29568.18,1.3,Books
Fiction Novel,Books,23562.27,4.9,Books
Dress,Clothing,19134.26,4.6,Clothing
Fiction Novel,Books,10176.11,2.1,Books
Laptop,Electronics,48177.16,1.7,Electronics
Mixer Grinder,Home & Kitchen,6119.31,1.5,Home & Kitchen
Shampoo,Beauty,6015.13,1.9,Beauty
T-Shirt,Clothing,41198.84,3.0,Clothing
Cookbook,Books,11527.7,1.8,Books
Smartwatch,Electronics,27749.19,2.5,Electronics
Smartphone,Electronics,14014.82,4.6,Electronics
Smartphone,Electronics,23293.14,4.1,Electronics
Sneakers,Clothing,38592.49,3.2,Clothing
Smartphone,Electronics,39898.86,1.8,Electronics
Educational Book,Books,39842.5,4.4,Books
Fiction Novel,Books,30395.25,1.1,Books
Face Cream,Beauty,36560.32,2.5,Beauty
Cookware Set,Home & Kitchen,44248.09,3.1,Home & Kitchen
Tablet,Electronics,18386.26,1.4,Electronics
Jacket,Clothing,33683.4,3.8,Clothing
Hair Dryer,Beauty,49561.57,3.5,Beauty
Face Cream,Beauty,18551.65,2.6,Beauty
Headphones,Electronics,12249.35,2.9,Electronics
Jeans,Clothing,35305.39,2.2,Clothing
Smartwatch,Electronics,16790.46,4.3,Electronics
Jacket,Clothing,26096.96,3.5,Clothing
Self-Help Book,Books,34361.96,4.4,Books
Table Lamp,Home & Kitchen,46079.49,3.7,Home & Kitchen
Mixer Grinder,Home & Kitchen,47053.44,3.0,Home & Kitchen
Tablet,Electronics,18905.94,4.5,Electronics
Hair Dryer,Beauty,30977.18,3.3,Beauty
Table Lamp,Home & Kitchen,41841.57,1.1,Home & Kitchen
Laptop,Electronics,4277.15,2.1,Electronics
Sofa Cover,Home & Kitchen,15648.85,4.4,Home & Kitchen
Headphones,Electronics,26992.72,1.1,Electronics
Headphones,Electronics,49586.31,4.3,Electronics
Tablet,Electronics,37181.04,1.2,Electronics
Sneakers,Clothing,46090.65,3.3,Clothing
Educational Book,Books,48151.09,2.9,Books
Smartwatch,Electronics,8197.47,3.0,Electronics
Cookware Set,Home & Kitchen,40679.29,1.5,Home & Kitchen
Perfume,Beauty,45012.71,4.9,Beauty
Perfume,Beauty,5127.02,4.5,Beauty
Laptop,Electronics,13954.48,1.5,Electronics
T-Shirt,Clothing,26166.89,3.7,Clothing
Hair Dryer,Beauty,45072.69,2.6,Beauty
T-Shirt,Clothing,33543.19,3.7,Clothing
Self-Help Book,Books,34116.23,1.4,Books
Self-Help Book,Books,15466.4,2.9,Books
Laptop,Electronics,19879.4,3.2,Electronics
Sofa Cover,Home & Kitchen,11914.15,2.4,Home & Kitchen
Dress,Clothing,7936.32,1.5,Clothing
Educational Book,Books,7633.85,3.8,Books
Face Cream,Beauty,2470.82,2.0,Beauty
Sofa Cover,Home & Kitchen,908.47,4.6,Home & Kitchen
Table Lamp,Home & Kitchen,14102.56,2.9,Home & Kitchen
Laptop,Electronics,23287.93,2.0,Electronics
Mixer Grinder,Home & Kitchen,41333.21,4.0,Home & Kitchen
Educational Book,Books,35304.99,2.0,Books
Jeans,Clothing,22335.58,3.8,Clothing
Cookware Set,Home & Kitchen,40486.08,3.6,Home & Kitchen
Educational Book,Books,20353.4,2.9,Books
Laptop,Electronics,2258.27,4.8,Electronics
Smartphone,Electronics,704.55,4.0,Electronics
Table Lamp,Home & Kitchen,38629.0,4.0,Home & Kitchen
Fiction Novel,Books,37303.26,2.9,Books
Smartphone,Electronics,11507.22,1.4,Electronics
Table Lamp,Home & Kitchen,48710.25,1.7,Home & Kitchen
Educational Book,Books,20075.81,4.9,Books
Comic Book,Books,8448.77,3.8,Books
Sneakers,Clothing,29310.76,4.4,Clothing
Educational Book,Books,708.78,2.0,Books
Jacket,Clothing,24062.33,1.1,Clothing
Sneakers,Clothing,27827.66,4.5,Clothing
Smartwatch,Electronics,40862.87,1.4,Electronics
Sneakers,Clothing,11399.26,1.0,Clothing
Hair Dryer,Beauty,5463.13,3.9,Beauty
Comic Book,Books,8644.99,4.3,Books
Headphones,Electronics,27481.15,3.2,Electronics
Self-Help Book,Books,47819.23,1.1,Books
Lipstick,Beauty,7145.81,1.9,Beauty
Headphones,Electronics,29847.4,2.9,Electronics
Lipstick,Beauty,11186.35,1.1,Beauty
Educational Book,Books,36535.74,1.2,Books
Sneakers,Clothing,12046.9,3.2,Clothing
Hair Dryer,Beauty,7043.51,2.3,Beauty
Sneakers,Clothing,34369.57,1.6,Clothing
Sneakers,Clothing,4827.49,4.2,Clothing
Lipstick,Beauty,14851.66,1.9,Beauty
Jacket,Clothing,40248.27,3.9,Clothing
Jeans,Clothing,37135.36,3.0,Clothing
Shampoo,Beauty,25794.78,1.0,Beauty
Shampoo,Beauty,47564.29,3.5,Beauty
Mixer Grinder,Home & Kitchen,5500.92,2.3,Home & Kitchen
Comic Book,Books,904.29,3.5,Books
Smartwatch,Electronics,25035.46,4.5,Electronics
Sneakers,Clothing,30156.36,4.4,Clothing
Jacket,Clothing,42189.9,3.4,Clothing
Jeans,Clothing,41122.81,4.8,Clothing
T-Shirt,Clothing,21705.78,1.1,Clothing
Headphones,Electronics,28391.65,2.5,Electronics
Mixer Grinder,Home & Kitchen,40031.86,1.9,Home & Kitchen
Mixer Grinder,Home & Kitchen,41248.02,2.6,Home & Kitchen
Shampoo,Beauty,35325.38,4.1,Beauty
Mixer Grinder,Home & Kitchen,45866.22,3.9,Home & Kitchen
Dress,Clothing,42975.36,3.3,Clothing
Tablet,Electronics,7532.86,1.5,Electronics
Face Cream,Beauty,39931.75,2.4,Beauty
Headphones,Electronics,20760.44,2.4,Electronics
T-Shirt,Clothing,29466.3,1.3,Clothing
Face Cream,Beauty,756.85,4.8,Beauty
Smartwatch,Electronics,43711.45,4.5,Electronics
Comic Book,Books,1134.78,3.9,Books
Sofa Cover,Home & Kitchen,6859.0,1.6,Home & Kitchen
Self-Help Book,Books,28818.74,1.4,Books
Laptop,Electronics,25233.95,4.1,Electronics
Educational Book,Books,28577.34,2.7,Books
Bedsheet,Home & Kitchen,7322.87,5.0,Home & Kitchen
Fiction Novel,Books,25144.48,1.3,Books
Mixer Grinder,Home & Kitchen,16289.17,2.6,Home & Kitchen
Comic Book,Books,24973.13,3.2,Books
Cookware Set,Home & Kitchen,5804.38,2.2,Home & Kitchen
Jeans,Clothing,43502.85,4.2,Clothing
Smartphone,Electronics,46770.01,2.9,Electronics
Laptop,Electronics,38160.98,4.0,Electronics
Headphones,Electronics,14797.27,3.4,Electronics
Shampoo,Beauty,16951.57,2.0,Beauty
Smartphone,Electronics,20087.65,2.7,Electronics
Face Cream,Beauty,45544.54,3.0,Beauty
Shampoo,Beauty,4986.9,4.4,Beauty
Bedsheet,Home & Kitchen,37890.56,2.4,Home & Kitchen
Tablet,Electronics,26947.54,4.1,Electronics
Headphones,Electronics,16929.74,1.5,Electronics
Smartphone,Electronics,30310.92,3.5,Electronics
Educational Book,Books,33643.5,4.2,Books
Cookbook,Books,27847.81,4.3,Books
Educational Book,Books,19055.03,4.3,Books
Self-Help Book,Books,24012.7,4.8,Books
Sneakers,Clothing,8182.19,4.2,Clothing
Hair Dryer,Beauty,35810.63,1.2,Beauty
T-Shirt,Clothing,23433.86,3.8,Clothing
Tablet,Electronics,42946.11,3.2,Electronics
Sneakers,Clothing,3995.44,4.0,Clothing
Face Cream,Beauty,38728.75,4.0,Beauty
Jacket,Clothing,46205.47,2.7,Clothing
Jeans,Clothing,7631.48,3.0,Clothing
Comic Book,Books,4581.73,3.4,Books
Tablet,Electronics,9761.64,2.5,Electronics
Hair Dryer,Beauty,1582.84,2.9,Beauty
Laptop,Electronics,8902.26,2.4,Electronics
Sofa Cover,Home & Kitchen,1549.63,3.0,Home & Kitchen
Educational Book,Books,23520.5,1.2,Books
Face Cream,Beauty,18729.61,1.0,Beauty
Self-Help Book,Books,18085.73,4.1,Books
Lipstick,Beauty,29844.59,3.9,Beauty
Tablet,Electronics,12964.52,2.7,Electronics
Tablet,Electronics,43431.64,4.4,Electronics
Smartwatch,Electronics,31005.06,4.0,Electronics
Face Cream,Beauty,16010.24,1.6,Beauty
Headphones,Electronics,18451.91,4.9,Electronics
Smartwatch,Electronics,31793.09,4.8,Electronics
T-Shirt,Clothing,36666.62,2.1,Clothing
Smartphone,Electronics,38681.26,2.0,Electronics
Cookware Set,Home & Kitchen,29493.06,4.2,Home & Kitchen
Bedsheet,Home & Kitchen,30009.2,3.0,Home & Kitchen
T-Shirt,Clothing,23089.32,3.1,Clothing
Sofa Cover,Home & Kitchen,32460.13,3.7,Home & Kitchen
Smartwatch,Electronics,29509.14,4.1,Electronics
Educational Book,Books,5528.69,4.2,Books
Fiction Novel,Books,11864.67,2.8,Books
Sofa Cover,Home & Kitchen,14273.74,3.8,Home & Kitchen
Educational Book,Books,26806.06,4.3,Books
Jacket,Clothing,18757.07,4.2,Clothing
Self-Help Book,Books,19661.09,2.5,Books
Self-Help Book,Books,27434.25,3.8,Books
Educational Book,Books,6322.42,4.0,Books
Comic Book,Books,4316.82,3.6,Books
Dress,Clothing,45426.39,2.8,Clothing
Laptop,Electronics,14971.45,4.5,Electronics
Bedsheet,Home & Kitchen,12245.12,4.5,Home & Kitchen
Cookbook,Books,48405.89,4.9,Books
Hair Dryer,Beauty,12757.67,3.3,Beauty
Dress,Clothing,33071.09,3.5,Clothing
Hair Dryer,Beauty,4869.56,1.9,Beauty
T-Shirt,Clothing,45127.31,4.2,Clothing
Bedsheet,Home & Kitchen,8867.72,4.3,Home & Kitchen
Cookware Set,Home & Kitchen,31749.94,3.1,Home & Kitchen
Shampoo,Beauty,40944.77,2.9,Beauty
Table Lamp,Home & Kitchen,20859.61,4.9,Home & Kitchen
Educational Book,Books,6884.74,1.4,Books
Jeans,Clothing,40238.5,3.9,Clothing
Smartphone,Electronics,10422.28,3.5,Electronics
Self-Help Book,Books,13862.56,1.6,Books
Face Cream,Beauty,35911.22,4.1,Beauty
Jacket,Clothing,16523.69,2.8,Clothing
Lipstick,Beauty,6566.03,2.6,Beauty
Bedsheet,Home & Kitchen,18799.05,4.3,Home & Kitchen
Headphones,Electronics,8436.71,4.9,Electronics
Cookware Set,Home & Kitchen,19380.5,3.3,Home & Kitchen
Lipstick,Beauty,20228.05,1.2,Beauty
Laptop,Electronics,28606.86,4.8,Electronics
Fiction Novel,Books,16803.76,4.0,Books
Face Cream,Beauty,18093.34,4.2,Beauty
Tablet,Electronics,31737.13,4.0,Electronics
Lipstick,Beauty,49861.17,2.5,Beauty
Educational Book,Books,21233.35,1.7,Books
Sofa Cover,Home & Kitchen,776.91,4.2,Home & Kitchen
Lipstick,Beauty,25542.71,2.2,Beauty
Sneakers,Clothing,10818.28,1.6,Clothing
Tablet,Electronics,45801.19,2.4,Electronics
Face Cream,Beauty,6963.56,3.3,Beauty
Smartphone,Electronics,37082.11,4.4,Electronics
Cookbook,Books,6842.69,3.6,Books
Perfume,Beauty,7283.96,2.0,Beauty
Cookware Set,Home & Kitchen,218.58,4.8,Home & Kitchen
Laptop,Electronics,38689.7,1.9,Electronics
Table Lamp,Home & Kitchen,8863.97,4.5,Home & Kitchen
Sneakers,Clothing,12472.17,1.9,Clothing
Jeans,Clothing,8734.44,2.5,Clothing
Perfume,Beauty,32422.04,1.9,Beauty
Laptop,Electronics,45532.34,3.6,Electronics
Face Cream,Beauty,22534.8,1.4,Beauty
Self-Help Book,Books,26058.55,2.0,Books
Bedsheet,Home & Kitchen,13348.84,4.2,Home & Kitchen
Table Lamp,Home & Kitchen,46792.3,4.9,Home & Kitchen
Sofa Cover,Home & Kitchen,15764.25,4.0,Home & Kitchen
Smartwatch,Electronics,45019.0,4.7,Electronics
Dress,Clothing,42794.4,4.6,Clothing
Educational Book,Books,492.53,4.4,Books
Sofa Cover,Home & Kitchen,30721.51,3.4,Home & Kitchen
Cookware Set,Home & Kitchen,17162.64,4.7,Home & Kitchen
Cookbook,Books,45888.54,2.0,Books
Table Lamp,Home & Kitchen,49052.43,4.5,Home & Kitchen
Sofa Cover,Home & Kitchen,2435.97,2.3,Home & Kitchen
Table Lamp,Home & Kitchen,48128.02,3.2,Home & Kitchen
Perfume,Beauty,47111.56,2.9,Beauty
Educational Book,Books,8091.3,2.0,Books
Bedsheet,Home & Kitchen,43217.1,2.6,Home & Kitchen
Jacket,Clothing,35592.76,4.6,Clothing
Hair Dryer,Beauty,9534.89,4.2,Beauty
Shampoo,Beauty,46990.87,1.7,Beauty
Table Lamp,Home & Kitchen,31137.03,2.6,Home & Kitchen
Laptop,Electronics,35821.16,2.1,Electronics
Shampoo,Beauty,28156.95,2.7,Beauty
Lipstick,Beauty,9335.19,3.9,Beauty
T-Shirt,Clothing,25114.77,3.6,Clothing
Lipstick,Beauty,19961.03,2.9,Beauty
Laptop,Electronics,38488.04,1.1,Electronics
Perfume,Beauty,20202.56,3.6,Beauty
Headphones,Electronics,39008.37,2.2,Electronics
Perfume,Beauty,9946.27,1.1,Beauty
T-Shirt,Clothing,7994.76,1.5,Clothing
Cookware Set,Home & Kitchen,6341.62,4.4,Home & Kitchen
Jeans,Clothing,37503.57,1.8,Clothing
Fiction Novel,Books,36760.35,1.5,Books
Jacket,Clothing,38023.86,2.1,Clothing
Dress,Clothing,17983.34,1.5,Clothing
Bedsheet,Home & Kitchen,25457.34,4.3,Home & Kitchen
Self-Help Book,Books,26220.67,3.3,Books
Educational Book,Books,48670.07,4.2,Books
Smartphone,Electronics,12197.36,3.5,Electronics
Tablet,Electronics,14488.22,2.7,Electronics
Table Lamp,Home & Kitchen,33547.94,1.1,Home & Kitchen
Sneakers,Clothing,4800.26,2.2,Clothing
Cookware Set,Home & Kitchen,36429.57,4.6,Home & Kitchen
Tablet,Electronics,29775.43,4.6,Electronics
Perfume,Beauty,10736.32,3.7,Beauty
Self-Help Book,Books,8005.02,2.5,Books
Perfume,Beauty,32078.48,4.5,Beauty
Smartwatch,Electronics,31277.18,3.0,Electronics
Headphones,Electronics,31094.13,2.7,Electronics
Comic Book,Books,15881.67,4.3,Books
Jacket,Clothing,16129.77,1.0,Clothing
Hair Dryer,Beauty,39478.69,2.7,Beauty
Comic Book,Books,29635.8,1.2,Books
Smartwatch,Electronics,7892.27,1.1,Electronics
Tablet,Electronics,45112.24,4.7,Electronics
Jeans,Clothing,26527.78,3.7,Clothing
Cookware Set,Home & Kitchen,37170.4,3.7,Home & Kitchen
Jeans,Clothing,47535.79,1.8,Clothing
Bedsheet,Home & Kitchen,30252.89,4.1,Home & Kitchen
Sneakers,Clothing,3126.9,1.9,Clothing
Self-Help Book,Books,40295.47,2.8,Books
Perfume,Beauty,462.0,3.4,Beauty
Lipstick,Beauty,22475.54,1.6,Beauty
Headphones,Electronics,19218.55,4.5,Electronics
Smartwatch,Electronics,31162.39,3.4,Electronics
Hair Dryer,Beauty,16017.54,3.5,Beauty
Cookware Set,Home & Kitchen,19008.81,4.2,Home & Kitchen
Headphones,Electronics,22353.43,1.3,Electronics
Mixer Grinder,Home & Kitchen,30122.28,4.8,Home & Kitchen
Tablet,Electronics,7289.72,1.9,Electronics
Smartwatch,Electronics,32122.43,2.8,Electronics
Sneakers,Clothing,43852.34,4.2,Clothing
Bedsheet,Home & Kitchen,23005.86,4.8,Home & Kitchen
Sneakers,Clothing,48580.6,3.0,Clothing
Face Cream,Beauty,10320.87,2.8,Beauty
Cookware Set,Home & Kitchen,43149.24,1.9,Home & Kitchen
Self-Help Book,Books,567.81,4.5,Books
Comic Book,Books,6705.43,4.5,Books
T-Shirt,Clothing,29974.35,3.1,Clothing
Tablet,Electronics,5739.3,4.6,Electronics
Jeans,Clothing,21417.72,4.5,Clothing
Table Lamp,Home & Kitchen,25404.68,4.6,Home & Kitchen
Mixer Grinder,Home & Kitchen,27582.01,1.5,Home & Kitchen
Bedsheet,Home & Kitchen,23584.89,4.1,Home & Kitchen
Educational Book,Books,24444.89,1.2,Books
Dress,Clothing,8080.22,3.6,Clothing
Lipstick,Beauty,27860.8,2.6,Beauty
Fiction Novel,Books,30468.47,1.7,Books
Lipstick,Beauty,7718.78,1.1,Beauty
Face Cream,Beauty,34866.42,3.6,Beauty
Sneakers,Clothing,5369.5,3.2,Clothing
Perfume,Beauty,18338.76,4.0,Beauty
Headphones,Electronics,48287.49,1.1,Electronics
T-Shirt,Clothing,18161.01,2.3,Clothing
Jeans,Clothing,21064.01,1.9,Clothing
Fiction Novel,Books,8598.22,1.4,Books
Smartwatch,Electronics,27897.4,1.8,Electronics
Lipstick,Beauty,3153.16,4.4,Beauty
Headphones,Electronics,25634.9,4.3,Electronics
Smartphone,Electronics,9427.83,4.2,Electronics
Shampoo,Beauty,22564.13,3.2,Beauty
Sneakers,Clothing,47288.95,3.1,Clothing
Educational Book,Books,24537.79,1.6,Books
Smartwatch,Electronics,22226.76,4.7,Electronics
Hair Dryer,Beauty,14103.34,1.6,Beauty
Sofa Cover,Home & Kitchen,19376.32,4.5,Home & Kitchen
Educational Book,Books,41619.15,4.9,Books
Cookware Set,Home & Kitchen,14084.61,4.9,Home & Kitchen
Smartwatch,Electronics,25935.66,3.7,Electronics
Smartwatch,Electronics,30657.64,4.8,Electronics
Dress,Clothing,13596.18,2.9,Clothing
Hair Dryer,Beauty,28379.75,4.4,Beauty
Dress,Clothing,12422.09,3.4,Clothing
Shampoo,Beauty,18747.94,2.2,Beauty
Smartwatch,Electronics,35524.56,2.0,Electronics
T-Shirt,Clothing,36454.63,4.3,Clothing
Laptop,Electronics,23249.27,2.2,Electronics
Shampoo,Beauty,48842.53,2.7,Beauty
Tablet,Electronics,21881.01,3.5,Electronics
Educational Book,Books,38964.36,3.9,Books
Sofa Cover,Home & Kitchen,1435.38,2.0,Home & Kitchen
Laptop,Electronics,2536.16,1.8,Electronics
Headphones,Electronics,21992.38,3.9,Electronics
Lipstick,Beauty,20194.2,3.1,Beauty
Jacket,Clothing,18789.81,2.0,Clothing
Laptop,Electronics,33027.63,1.5,Electronics
Shampoo,Beauty,44953.24,1.1,Beauty
Jacket,Clothing,47047.23,3.0,Clothing
Headphones,Electronics,34358.78,2.4,Electronics
Lipstick,Beauty,12779.59,2.8,Beauty
Cookbook,Books,30878.47,2.5,Books
Face Cream,Beauty,24227.24,2.7,Beauty
Jeans,Clothing,15282.31,2.1,Clothing
Lipstick,Beauty,46933.96,2.5,Beauty
Perfume,Beauty,14622.12,4.9,Beauty
Cookbook,Books,34830.28,2.9,Books
Perfume,Beauty,43118.19,4.0,Beauty
Cookbook,Books,29885.36,4.1,Books
Educational Book,Books,7728.33,3.9,Books
Cookware Set,Home & Kitchen,36096.74,1.8,Home & Kitchen
T-Shirt,Clothing,19275.66,1.8,Clothing
Sofa Cover,Home & Kitchen,15387.59,1.0,Home & Kitchen
Smartphone,Electronics,23806.64,2.5,Electronics
Hair Dryer,Beauty,28568.97,1.0,Beauty
Laptop,Electronics,40753.52,4.2,Electronics
Tablet,Electronics,38571.81,1.2,Electronics
Smartphone,Electronics,25161.91,3.4,Electronics
Perfume,Beauty,12124.19,4.7,Beauty
Educational Book,Books,2013.64,3.8,Books
Bedsheet,Home & Kitchen,6002.25,3.5,Home & Kitchen
Self-Help Book,Books,31332.42,1.4,Books
Bedsheet,Home & Kitchen,17539.19,3.9,Home & Kitchen
Fiction Novel,Books,14865.47,1.6,Books
Dress,Clothing,48130.6,4.0,Clothing
Educational Book,Books,8970.27,1.1,Books
Headphones,Electronics,14359.73,4.4,Electronics
Perfume,Beauty,17009.73,3.7,Beauty
T-Shirt,Clothing,10385.24,4.7,Clothing
Tablet,Electronics,28261.1,4.3,Electronics
Jeans,Clothing,23320.94,3.2,Clothing
T-Shirt,Clothing,16038.0,2.3,Clothing
Sneakers,Clothing,43719.71,3.4,Clothing
Cookbook,Books,19669.48,2.0,Books
Lipstick,Beauty,27396.01,4.9,Beauty
Jacket,Clothing,13763.17,3.6,Clothing
Cookware Set,Home & Kitchen,6421.63,1.5,Home & Kitchen
Self-Help Book,Books,4617.2,3.8,Books
T-Shirt,Clothing,6022.31,3.5,Clothing
Face Cream,Beauty,38968.52,3.9,Beauty
Laptop,Electronics,20435.34,3.8,Electronics
Tablet,Electronics,25115.71,2.5,Electronics
Headphones,Electronics,36115.48,3.0,Electronics
Table Lamp,Home & Kitchen,13372.74,1.7,Home & Kitchen
Educational Book,Books,32472.59,1.0,Books
Fiction Novel,Books,12097.46,4.2,Books
Cookbook,Books,34446.42,2.4,Books
Educational Book,Books,13420.4,4.7,Books
Comic Book,Books,20686.94,4.1,Books
Headphones,Electronics,29418.33,3.3,Electronics
Self-Help Book,Books,6115.91,1.5,Books
Self-Help Book,Books,33404.12,2.7,Books
Jeans,Clothing,40046.19,1.2,Clothing
Self-Help Book,Books,22709.95,4.0,Books
Fiction Novel,Books,22315.58,2.6,Books
Jeans,Clothing,47608.93,4.2,Clothing
Jacket,Clothing,19846.64,3.3,Clothing
Fiction Novel,Books,5975.89,4.8,Books
Fiction Novel,Books,49409.89,4.1,Books
Dress,Clothing,13885.05,3.5,Clothing
Shampoo,Beauty,4080.78,4.9,Beauty
Headphones,Electronics,27306.31,3.8,Electronics
Cookware Set,Home & Kitchen,16580.24,4.6,Home & Kitchen
Comic Book,Books,12798.83,5.0,Books
Educational Book,Books,18574.12,3.3,Books
Cookware Set,Home & Kitchen,30836.98,1.1,Home & Kitchen
Sneakers,Clothing,48620.13,1.9,Clothing
Cookbook,Books,16390.44,4.2,Books
Face Cream,Beauty,18862.01,3.0,Beauty
Smartwatch,Electronics,11448.28,3.6,Electronics
Hair Dryer,Beauty,24384.05,3.0,Beauty
Perfume,Beauty,18179.43,4.3,Beauty
Cookware Set,Home & Kitchen,22430.51,4.5,Home & Kitchen
Sofa Cover,Home & Kitchen,10241.78,3.7,Home & Kitchen
Dress,Clothing,17800.74,2.9,Clothing
Comic Book,Books,16174.96,4.9,Books
Cookware Set,Home & Kitchen,2370.61,3.1,Home & Kitchen
Hair Dryer,Beauty,139.85,2.0,Beauty
Smartwatch,Electronics,2519.18,2.4,Electronics
Hair Dryer,Beauty,32626.32,2.9,Beauty
Smartphone,Electronics,14636.55,3.6,Electronics
Face Cream,Beauty,19549.44,1.7,Beauty
Headphones,Electronics,37195.73,2.7,Electronics
Sofa Cover,Home & Kitchen,34821.93,4.4,Home & Kitchen
Lipstick,Beauty,28630.92,4.2,Beauty
T-Shirt,Clothing,25059.36,2.4,Clothing
Sofa Cover,Home & Kitchen,47795.34,2.3,Home & Kitchen
Sneakers,Clothing,36918.2,3.2,Clothing
Lipstick,Beauty,3394.38,3.5,Beauty
Smartphone,Electronics,11142.38,3.3,Electronics
Cookware Set,Home & Kitchen,18602.85,4.3,Home & Kitchen
Jacket,Clothing,13557.11,1.3,Clothing
Mixer Grinder,Home & Kitchen,13559.18,1.0,Home & Kitchen
Tablet,Electronics,41926.03,3.6,Electronics
Lipstick,Beauty,12930.46,1.9,Beauty
Laptop,Electronics,37355.59,1.7,Electronics
Lipstick,Beauty,18385.32,3.8,Beauty
Cookbook,Books,5299.58,2.8,Books
Educational Book,Books,7649.41,1.6,Books
Mixer Grinder,Home & Kitchen,36950.98,3.0,Home & Kitchen
Comic Book,Books,2136.99,2.2,Books
Sofa Cover,Home & Kitchen,19693.93,1.9,Home & Kitchen
Sofa Cover,Home & Kitchen,16179.61,2.7,Home & Kitchen
Educational Book,Books,45910.23,1.6,Books
Lipstick,Beauty,6685.9,2.0,Beauty
Self-Help Book,Books,2258.89,2.0,Books
Educational Book,Books,25282.52,4.5,Books
Shampoo,Beauty,11461.72,3.0,Beauty
Shampoo,Beauty,17915.6,1.8,Beauty
Lipstick,Beauty,22703.03,5.0,Beauty
Headphones,Electronics,42210.82,2.8,Electronics
Sofa Cover,Home & Kitchen,7355.5,2.0,Home & Kitchen
Table Lamp,Home & Kitchen,13879.0,2.5,Home & Kitchen
Sofa Cover,Home & Kitchen,42604.95,3.0,Home & Kitchen
Smartwatch,Electronics,31265.89,4.9,Electronics
Dress,Clothing,20020.83,1.8,Clothing
Cookbook,Books,24680.19,3.5,Books
Lipstick,Beauty,22254.17,3.8,Beauty
Fiction Novel,Books,4226.03,2.8,Books
Bedsheet,Home & Kitchen,46315.8,2.4,Home & Kitchen
Smartwatch,Electronics,1320.32,2.0,Electronics
Cookbook,Books,9772.82,3.1,Books
Comic Book,Books,47666.18,2.3,Books
Jeans,Clothing,7673.62,4.6,Clothing
Sofa Cover,Home & Kitchen,41671.06,2.3,Home & Kitchen
Table Lamp,Home & Kitchen,15793.43,1.3,Home & Kitchen
Lipstick,Beauty,6767.81,2.1,Beauty
Lipstick,Beauty,1011.22,4.7,Beauty
Headphones,Electronics,13371.25,1.6,Electronics
Jeans,Clothing,28972.11,2.1,Clothing
Perfume,Beauty,17212.34,3.5,Beauty
Educational Book,Books,48742.0,1.1,Books
Smartphone,Electronics,19117.36,1.6,Electronics
Tablet,Electronics,847.39,4.0,Electronics
Mixer Grinder,Home & Kitchen,14796.32,1.2,Home & Kitchen
Face Cream,Beauty,5238.33,1.6,Beauty
Mixer Grinder,Home & Kitchen,31430.94,4.6,Home & Kitchen
Jeans,Clothing,27532.48,2.2,Clothing
Jeans,Clothing,41121.95,1.4,Clothing
Laptop,Electronics,12944.89,1.9,Electronics
T-Shirt,Clothing,4729.04,4.0,Clothing
Lipstick,Beauty,31512.97,2.1,Beauty
Smartwatch,Electronics,46891.65,2.9,Electronics
Dress,Clothing,34137.79,1.8,Clothing
Table Lamp,Home & Kitchen,41000.91,4.5,Home & Kitchen
Laptop,Electronics,7672.34,1.1,Electronics
Educational Book,Books,25186.79,3.8,Books
Shampoo,Beauty,41285.25,1.8,Beauty
Shampoo,Beauty,30435.75,3.1,Beauty
Laptop,Electronics,45786.56,1.4,Electronics
Fiction Novel,Books,26700.19,1.5,Books
Sneakers,Clothing,27367.02,1.4,Clothing
Tablet,Electronics,17213.3,1.7,Electronics
Mixer Grinder,Home & Kitchen,4084.62,4.3,Home & Kitchen
Table Lamp,Home & Kitchen,9213.55,2.5,Home & Kitchen
T-Shirt,Clothing,6114.55,3.7,Clothing
Comic Book,Books,21670.52,4.6,Books
Face Cream,Beauty,37528.53,1.6,Beauty
Smartphone,Electronics,46526.93,2.2,Electronics
Self-Help Book,Books,4042.56,3.7,Books
Cookware Set,Home & Kitchen,35777.51,3.2,Home & Kitchen
Bedsheet,Home & Kitchen,4160.52,3.8,Home & Kitchen
Laptop,Electronics,20754.92,1.9,Electronics
Comic Book,Books,34460.43,4.6,Books
Table Lamp,Home & Kitchen,22835.78,4.1,Home & Kitchen
Shampoo,Beauty,5361.18,3.0,Beauty
Jacket,Clothing,41996.61,2.1,Clothing
Perfume,Beauty,43606.83,3.6,Beauty
Smartwatch,Electronics,14290.07,2.3,Electronics
Laptop,Electronics,32760.67,1.0,Electronics
Comic Book,Books,26403.73,3.3,Books
Hair Dryer,Beauty,34069.64,3.0,Beauty
Table Lamp,Home & Kitchen,47284.54,2.4,Home & Kitchen
Smartwatch,Electronics,28678.88,3.7,Electronics
Face Cream,Beauty,44918.35,4.4,Beauty
Hair Dryer,Beauty,31727.37,1.7,Beauty
Bedsheet,Home & Kitchen,10766.58,4.2,Home & Kitchen
Lipstick,Beauty,25288.2,4.8,Beauty
Laptop,Electronics,35506.5,4.5,Electronics
Fiction Novel,Books,7682.98,4.8,Books
Smartphone,Electronics,32664.01,2.5,Electronics
Table Lamp,Home & Kitchen,14359.56,2.3,Home & Kitchen
Sneakers,Clothing,3632.93,2.1,Clothing
Mixer Grinder,Home & Kitchen,30519.71,3.2,Home & Kitchen
Sofa Cover,Home & Kitchen,999.54,3.2,Home & Kitchen
Mixer Grinder,Home & Kitchen,15481.49,2.1,Home & Kitchen
Table Lamp,Home & Kitchen,33814.72,1.3,Home & Kitchen
Table Lamp,Home & Kitchen,13559.39,3.6,Home & Kitchen
T-Shirt,Clothing,18461.51,4.4,Clothing
Smartphone,Electronics,22868.39,1.3,Electronics
Sofa Cover,Home & Kitchen,17795.7,4.2,Home & Kitchen
Perfume,Beauty,20095.19,2.7,Beauty
Cookware Set,Home & Kitchen,13998.81,2.7,Home & Kitchen
Mixer Grinder,Home & Kitchen,787.27,2.1,Home & Kitchen
Laptop,Electronics,47363.2,3.3,Electronics
Sneakers,Clothing,9655.03,1.5,Clothing
Cookware Set,Home & Kitchen,24151.49,4.8,Home & Kitchen
Comic Book,Books,3697.32,1.3,Books
Educational Book,Books,43840.04,3.0,Books
Sofa Cover,Home & Kitchen,6494.62,2.6,Home & Kitchen
Educational Book,Books,7761.67,4.8,Books
Hair Dryer,Beauty,43300.52,1.1,Beauty
Sofa Cover,Home & Kitchen,36583.04,2.0,Home & Kitchen
Smartwatch,Electronics,43298.08,1.6,Electronics
Self-Help Book,Books,47427.3,4.0,Books
Smartphone,Electronics,32950.95,2.2,Electronics
Face Cream,Beauty,14064.35,2.9,Beauty
Lipstick,Beauty,49911.75,3.1,Beauty
Headphones,Electronics,40986.82,3.5,Electronics
Sofa Cover,Home & Kitchen,32863.88,4.9,Home & Kitchen
Perfume,Beauty,37424.59,1.2,Beauty
Table Lamp,Home & Kitchen,36930.76,1.9,Home & Kitchen
Cookbook,Books,40379.73,3.8,Books
T-Shirt,Clothing,16938.75,3.2,Clothing
Dress,Clothing,2415.32,3.2,Clothing
Hair Dryer,Beauty,49127.14,1.0,Beauty
Jacket,Clothing,1416.84,1.8,Clothing
Hair Dryer,Beauty,21112.13,1.9,Beauty
Lipstick,Beauty,13061.91,1.9,Beauty
Self-Help Book,Books,7465.89,4.4,Books
Fiction Novel,Books,38005.05,4.0,Books
T-Shirt,Clothing,42307.18,4.1,Clothing
Mixer Grinder,Home & Kitchen,28727.4,4.7,Home & Kitchen
Hair Dryer,Beauty,8465.28,1.8,Beauty
Cookbook,Books,17194.75,1.9,Books
Sneakers,Clothing,26550.66,3.3,Clothing
Educational Book,Books,24335.78,3.1,Books
Sofa Cover,Home & Kitchen,17308.52,2.2,Home & Kitchen
Laptop,Electronics,18097.79,3.8,Electronics
Cookbook,Books,45792.57,3.1,Books
Hair Dryer,Beauty,35879.79,4.4,Beauty
Cookware Set,Home & Kitchen,16158.74,4.2,Home & Kitchen
Jeans,Clothing,15387.4,4.2,Clothing
Fiction Novel,Books,11134.83,3.2,Books
Face Cream,Beauty,49835.85,4.5,Beauty
Tablet,Electronics,1002.29,1.4,Electronics
Headphones,Electronics,26448.24,1.2,Electronics
Lipstick,Beauty,30650.46,1.6,Beauty
Mixer Grinder,Home & Kitchen,31978.03,3.7,Home & Kitchen
Dress,Clothing,45516.21,1.0,Clothing
Comic Book,Books,31922.03,2.5,Books
Lipstick,Beauty,3481.52,1.1,Beauty
Table Lamp,Home & Kitchen,27507.36,4.5,Home & Kitchen
Table Lamp,Home & Kitchen,34870.12,2.7,Home & Kitchen
Table Lamp,Home & Kitchen,11540.73,3.6,Home & Kitchen
Laptop,Electronics,2926.8,2.3,Electronics
Educational Book,Books,37341.95,4.8,Books
Table Lamp,Home & Kitchen,30100.73,1.7,Home & Kitchen
Jeans,Clothing,4442.1,2.8,Clothing
Bedsheet,Home & Kitchen,18657.99,1.7,Home & Kitchen
Shampoo,Beauty,41402.76,3.2,Beauty
Educational Book,Books,49796.61,4.1,Books
Perfume,Beauty,32712.91,4.2,Beauty
Face Cream,Beauty,26281.98,4.3,Beauty
Table Lamp,Home & Kitchen,30805.88,1.1,Home & Kitchen
Dress,Clothing,9045.23,4.6,Clothing
Headphones,Electronics,16003.38,4.1,Electronics
Jeans,Clothing,35139.53,2.9,Clothing
Fiction Novel,Books,13640.1,3.3,Books
Cookware Set,Home & Kitchen,5535.76,3.6,Home & Kitchen
Mixer Grinder,Home & Kitchen,1039.11,3.8,Home & Kitchen
Table Lamp,Home & Kitchen,41169.65,2.7,Home & Kitchen
Laptop,Electronics,21472.14,3.4,Electronics
Comic Book,Books,7936.7,3.1,Books
Jacket,Clothing,23939.92,2.1,Clothing
Jeans,Clothing,47480.71,3.1,Clothing
Sofa Cover,Home & Kitchen,8058.4,2.9,Home & Kitchen
Shampoo,Beauty,32369.52,2.7,Beauty
Jeans,Clothing,29604.77,3.7,Clothing
Jacket,Clothing,19927.72,3.7,Clothing
Comic Book,Books,42170.48,4.4,Books
Dress,Clothing,15950.41,1.5,Clothing
Fiction Novel,Books,791.45,1.2,Books
Jeans,Clothing,28534.99,1.8,Clothing
Mixer Grinder,Home & Kitchen,13371.43,1.2,Home & Kitchen
Laptop,Electronics,48073.8,4.1,Electronics
Fiction Novel,Books,15240.16,3.6,Books
Comic Book,Books,11216.38,2.8,Books
Fiction Novel,Books,540.63,3.5,Books
Smartwatch,Electronics,19845.72,4.0,Electronics
Jacket,Clothing,31486.57,3.0,Clothing
Smartwatch,Electronics,47899.72,4.0,Electronics
Educational Book,Books,39842.15,4.8,Books
Sneakers,Clothing,46101.14,4.0,Clothing
Fiction Novel,Books,46563.35,1.2,Books
Tablet,Electronics,35922.64,3.1,Electronics
Laptop,Electronics,33745.33,2.7,Electronics
Dress,Clothing,22870.53,1.4,Clothing
Sofa Cover,Home & Kitchen,29715.31,3.5,Home & Kitchen
Jeans,Clothing,15543.65,2.7,Clothing
Smartphone,Electronics,8234.32,1.9,Electronics
T-Shirt,Clothing,959.63,1.6,Clothing
Face Cream,Beauty,34969.69,4.0,Beauty
Headphones,Electronics,46553.58,2.3,Electronics
Face Cream,Beauty,33472.93,3.4,Beauty
Smartphone,Electronics,29781.11,3.6,Electronics
Cookware Set,Home & Kitchen,30564.98,3.8,Home & Kitchen
Sneakers,Clothing,42407.52,4.7,Clothing
Fiction Novel,Books,10435.03,3.1,Books
Headphones,Electronics,35278.46,1.2,Electronics
Smartphone,Electronics,34844.54,4.8,Electronics
Comic Book,Books,31159.76,1.1,Books
Dress,Clothing,27369.17,3.5,Clothing
Lipstick,Beauty,47055.28,3.0,Beauty
Laptop,Electronics,30706.15,2.9,Electronics
Hair Dryer,Beauty,659.73,3.5,Beauty
Perfume,Beauty,14341.13,1.5,Beauty
Educational Book,Books,22923.93,2.7,Books
Table Lamp,Home & Kitchen,20766.47,1.8,Home & Kitchen
Laptop,Electronics,36615.73,2.0,Electronics
T-Shirt,Clothing,879.25,4.9,Clothing
Bedsheet,Home & Kitchen,8571.55,3.9,Home & Kitchen
Headphones,Electronics,23125.33,3.7,Electronics
Educational Book,Books,5712.21,3.6,Books
T-Shirt,Clothing,1434.23,3.5,Clothing
Fiction Novel,Books,43163.16,1.9,Books
Sofa Cover,Home & Kitchen,38545.29,1.3,Home & Kitchen
Lipstick,Beauty,8188.18,1.3,Beauty
Table Lamp,Home & Kitchen,35763.48,3.7,Home & Kitchen
Cookware Set,Home & Kitchen,10818.91,1.8,Home & Kitchen
Perfume,Beauty,35506.41,1.2,Beauty
Tablet,Electronics,19010.38,1.5,Electronics
Fiction Novel,Books,29678.85,2.9,Books
Comic Book,Books,5412.9,2.1,Books
Jeans,Clothing,22890.95,3.0,Clothing
Jeans,Clothing,40905.69,1.9,Clothing
Bedsheet,Home & Kitchen,17253.67,4.6,Home & Kitchen
Educational Book,Books,27920.2,2.7,Books
Jacket,Clothing,46055.88,4.2,Clothing
Smartwatch,Electronics,49569.3,1.2,Electronics
Educational Book,Books,35948.16,2.5,Books
Fiction Novel,Books,9189.91,4.9,Books
Mixer Grinder,Home & Kitchen,6075.65,2.1,Home & Kitchen
Mixer Grinder,Home & Kitchen,25511.46,3.7,Home & Kitchen
Mixer Grinder,Home & Kitchen,5815.52,2.2,Home & Kitchen
Sneakers,Clothing,11479.89,2.5,Clothing
Smartphone,Electronics,28995.81,5.0,Electronics
Perfume,Beauty,32799.51,2.4,Beauty
Face Cream,Beauty,40840.8,3.1,Beauty
Cookware Set,Home & Kitchen,34741.79,3.2,Home & Kitchen
Table Lamp,Home & Kitchen,16698.12,1.6,Home & Kitchen
